,Id,SalePrice,Predicted Price
0,1461,169277.0524984,168203.5
1,1462,187758.39398876802,174403.27
2,1463,183583.683569555,178028.56
3,1464,179317.47751083,180567.19
4,1465,150730.079976501,184504.06
5,1466,177150.989247307,177973.75
6,1467,172070.659229164,177000.22
7,1468,175110.956519547,176862.47
8,1469,162011.698831665,179909.11
9,1470,160726.247831419,168118.36
10,1471,157933.279456005,184119.52
11,1472,145291.245020389,161296.4
12,1473,159672.017631819,161911.42
13,1474,164167.518301885,172911.75
14,1475,150891.638244053,170219.52
15,1476,179460.96518734,221133.11
16,1477,185034.62891405,194367.67
17,1478,182352.19264465602,204204.81
18,1479,183053.458213802,202155.42
19,1480,187823.33925427802,246063.7
20,1481,186544.114327568,208467.61
21,1482,158230.77520516,185807.53
22,1483,190552.829321091,177637.03
23,1484,147183.67487199,177281.58
24,1485,185855.300905493,179653.66
25,1486,174350.470676986,182608.9
26,1487,201740.620690863,213118.95
27,1488,162986.378895754,190916.1
28,1489,162330.199085679,181089.62
29,1490,165845.938616539,190916.8
30,1491,180929.622876974,182453.05
31,1492,163481.501519718,160570.28
32,1493,187798.076714233,180816.73
33,1494,198822.19894256603,200662.53
34,1495,194868.409899858,202133.08
35,1496,152605.298564403,192732.56
36,1497,147797.702836811,179391.81
37,1498,150521.96899297,177384.62
38,1499,146991.630153739,177292.61
39,1500,150306.307814534,172743.75
40,1501,151164.37253460402,177549.73
41,1502,151133.70696095302,175025.45
42,1503,156214.042540726,199445.77
43,1504,171992.760735142,187768.56
44,1505,173214.91254973802,187632.94
45,1506,192429.187345783,182106.27
46,1507,190878.69508543,188789.61
47,1508,194542.54413551898,184093.72
48,1509,191849.439072822,176791.3
49,1510,176363.77390779302,171524.48
50,1511,176954.18541242898,171793.44
51,1512,176521.216975696,177809.08
52,1513,179436.70481017602,171559.94
53,1514,220079.756777048,176801.78
54,1515,175502.918109444,180801.75
55,1516,188321.07383356898,175956.73
56,1517,163276.324450004,173977.11
57,1518,185911.366293097,169790.5
58,1519,171392.830997252,189662.27
59,1520,174418.207020775,169480.1
60,1521,179682.70960377398,170673.84
61,1522,179423.751581665,175889.66
62,1523,171756.91809177698,163142.56
63,1524,166849.638174419,168399.92
64,1525,181122.168676666,167811.4
65,1526,170934.462746566,167528.64
66,1527,159738.292580329,163103.1
67,1528,174445.75955765802,169574.3
68,1529,174706.36365962698,172467.34
69,1530,164507.672539365,178342.56
70,1531,163602.51217283198,161711.95
71,1532,154126.270249525,163657.97
72,1533,171104.853481351,172577.12
73,1534,167735.39270528,165601.3
74,1535,183003.61333810398,173521.42
75,1536,172580.381161499,165973.22
76,1537,165407.889104689,158644.81
77,1538,176363.77390779302,179881.23
78,1539,175182.950898522,190312.03
79,1540,190757.17778924602,165921.53
80,1541,167186.995771991,172623.77
81,1542,167839.376779276,168796.3
82,1543,173912.421165137,190687.53
83,1544,154034.917445551,158843.61
84,1545,156002.95579433598,163752.25
85,1546,168173.94329857,167120.66
86,1547,168882.437104132,168915.47
87,1548,168173.94329857,169187.16
88,1549,157580.177551642,165841.84
89,1550,181922.15256011,168824.1
90,1551,155134.227842592,165122.02
91,1552,188885.573319552,167157.42
92,1553,183963.193012381,173198.78
93,1554,161298.762306335,163854.6
94,1555,188613.66763056,177013.05
95,1556,175080.111822945,159000.56
96,1557,174744.400305232,165338.66
97,1558,168175.911336919,160797.73
98,1559,182333.47257500602,158484.9
99,1560,158307.206742274,169354.83
100,1561,193053.055502348,176047.56
101,1562,175031.089987177,167753.78
102,1563,160713.29460290802,166163.16
103,1564,173186.215014436,176205.8
104,1565,191736.7598055,172085.42
105,1566,170401.630997116,190518.47
106,1567,164626.577880222,157760.19
107,1568,205469.40944483198,188567.78
108,1569,209561.784211885,171859.03
109,1570,182271.50307235602,168975.2
110,1571,178081.549427793,167637.66
111,1572,178425.956138831,173042.86
112,1573,162015.31851150302,191648.84
113,1574,181722.420373045,167579.86
114,1575,156705.730169433,187387.6
115,1576,182902.420342386,186868.88
116,1577,157574.595395085,179900.12
117,1578,184380.73910081302,173404.81
118,1579,169364.469225677,173140.44
119,1580,175846.17982206302,184738.61
120,1581,189673.29530213602,171868.4
121,1582,174401.317715566,168354.28
122,1583,179021.448718583,210215.19
123,1584,189196.845337149,190795.7
124,1585,139647.095720655,170956.14
125,1586,161468.198288911,159368.67
126,1587,171557.32317862,161947.06
127,1588,179447.36804185,172224.48
128,1589,169611.619017694,164074.72
129,1590,172088.872655744,168704.55
130,1591,171190.62412876802,161162.36
131,1592,154850.50836187802,167237.86
132,1593,158617.655719941,169007.94
133,1594,209258.33693701,168874.88
134,1595,177939.02762675102,164850.0
135,1596,194631.10029958398,190427.47
136,1597,213618.871562568,182240.39
137,1598,198342.504228533,186271.31
138,1599,138607.97147249698,181789.39
139,1600,150778.958976731,181613.77
140,1601,146966.230339786,158084.19
141,1602,162182.59620952,162799.19
142,1603,176825.940961269,160428.86
143,1604,152799.812402444,202266.9
144,1605,180322.322067129,197128.5
145,1606,177508.027228367,175316.64
146,1607,208029.64265201899,177112.17
147,1608,181987.282510201,185885.19
148,1609,160172.72797397,179787.05
149,1610,176761.317654248,172278.88
150,1611,176515.49754523102,170738.98
151,1612,176270.45306547103,178247.9
152,1613,183050.846258475,174117.62
153,1614,150011.102062216,167944.64
154,1615,159270.537808667,159991.06
155,1616,163419.663729346,156509.69
156,1617,163399.98334585901,161059.64
157,1618,173364.161505756,167080.83
158,1619,169556.835902417,170239.45
159,1620,183690.595995738,171568.69
160,1621,176980.914909382,168993.84
161,1622,204773.36222471,172308.14
162,1623,174728.655998442,203029.34
163,1624,181873.458244461,183074.31
164,1625,177322.00082397897,168622.62
165,1626,193927.93904186302,176004.72
166,1627,181715.62273230398,180974.66
167,1628,199270.84120032398,205083.19
168,1629,177109.589956218,181520.16
169,1630,153909.578271486,224939.56
170,1631,162931.203336223,186718.39
171,1632,166386.75671820002,191254.1
172,1633,173719.30379824,178020.27
173,1634,179757.92565670397,178975.75
174,1635,179007.60196437602,179494.44
175,1636,180370.80862310602,170901.62
176,1637,185102.616730563,180323.61
177,1638,198825.563452058,185259.47
178,1639,184294.57600914198,180768.19
179,1640,200443.7920562,196625.3
180,1641,181294.784484153,181198.3
181,1642,174354.33626791902,189507.34
182,1643,172023.677781517,190316.2
183,1644,181666.922855025,188774.16
184,1645,179024.49126958603,181212.08
185,1646,178324.191575907,173939.1
186,1647,184534.67668769398,178120.36
187,1648,159397.250378784,169472.84
188,1649,178430.966728182,170040.53
189,1650,177743.799385967,165859.4
190,1651,179395.30551908698,168095.3
191,1652,151713.38474815,161931.12
192,1653,151713.38474815,161800.88
193,1654,168434.977996215,174766.61
194,1655,153999.100311019,174987.17
195,1656,164096.09735412302,171997.84
196,1657,166335.403036551,173967.67
197,1658,163020.725375757,173141.34
198,1659,155862.510668829,172009.56
199,1660,182760.65109550898,173678.92
200,1661,201912.27062288302,238404.75
201,1662,185988.23398751603,228826.34
202,1663,183778.44888032,222688.64
203,1664,170935.85921771,229526.75
204,1665,184468.90838225398,210603.52
205,1666,191569.08966322898,215986.48
206,1667,232991.025583822,221859.22
207,1668,180980.721388278,209995.1
208,1669,164279.13048219,206174.86
209,1670,183859.46041110897,215253.17
210,1671,185922.46568207603,196545.36
211,1672,191742.778119363,240142.47
212,1673,199954.07246584198,204678.38
213,1674,180690.274752587,192185.67
214,1675,163099.3096358,178739.08
215,1676,140791.922472443,179094.17
216,1677,166481.86647592,184251.92
217,1678,172080.434496773,241841.19
218,1679,191719.161659178,229699.98
219,1680,160741.098612515,212235.39
220,1681,157829.546854733,196084.14
221,1682,196896.74859634103,202801.55
222,1683,159675.423990355,179552.5
223,1684,182084.79090194602,178128.84
224,1685,179233.926374487,177504.92
225,1686,155774.270901623,178260.3
226,1687,181354.326716058,177476.22
227,1688,179605.563663918,180991.67
228,1689,181609.34866147,181735.1
229,1690,178221.53162328101,182343.69
230,1691,175559.920735795,179314.3
231,1692,200328.82279204103,197479.69
232,1693,178630.060559899,178795.92
233,1694,177174.535221728,178793.6
234,1695,172515.68736871402,177065.17
235,1696,204032.992922943,198466.75
236,1697,176023.232787689,177211.98
237,1698,202202.073341595,223752.2
238,1699,181734.480075862,208633.7
239,1700,183982.158993126,193542.52
240,1701,188007.94241481,198685.55
241,1702,185922.966763517,193757.58
242,1703,183978.544874918,190680.6
243,1704,177199.618638821,202942.2
244,1705,181878.64795676398,191065.0
245,1706,173622.088728263,245039.02
246,1707,180728.168562655,186191.52
247,1708,176477.026606328,182115.12
248,1709,184282.26669760898,201676.31
249,1710,162062.47538448,186802.12
250,1711,182550.070992189,193622.39
251,1712,180987.949624695,196363.66
252,1713,178173.79762147,197348.8
253,1714,179980.635948606,185686.16
254,1715,173257.637826205,183830.77
255,1716,177271.291059307,178580.94
256,1717,175338.355442312,178210.67
257,1718,177548.140549508,168609.44
258,1719,175969.91662932,183874.64
259,1720,175011.481953462,192502.03
260,1721,185199.372568143,177270.25
261,1722,188514.050228937,168660.2
262,1723,185080.145268797,172489.34
263,1724,157304.402574096,184785.97
264,1725,194260.859481297,191575.34
265,1726,181262.329995106,180686.72
266,1727,157003.292706732,173794.27
267,1728,182924.499359899,180337.73
268,1729,181902.586375439,175466.92
269,1730,188985.371708134,177423.94
270,1731,185290.904495068,165951.89
271,1732,177304.425752748,168780.05
272,1733,166274.900490809,166228.4
273,1734,177807.420530107,167335.81
274,1735,180330.62481620102,169892.31
275,1736,179069.112234629,164284.44
276,1737,175943.371816948,216831.62
277,1738,185199.050609653,184483.19
278,1739,167350.910824524,207373.55
279,1740,149315.311876449,184197.3
280,1741,139010.847766793,176599.92
281,1742,155412.151845447,177164.98
282,1743,171308.313985441,177868.73
283,1744,176220.543265638,200530.28
284,1745,177643.434991809,186967.27
285,1746,187222.65326460102,188801.75
286,1747,185635.132083154,189933.72
287,1748,206492.534215854,188245.77
288,1749,181681.02108195602,173289.8
289,1750,180500.198072685,167747.5
290,1751,206486.17086841,194515.66
291,1752,161334.301195429,166932.3
292,1753,176156.558313965,171833.58
293,1754,191642.22347899398,185785.28
294,1755,191945.808027777,176208.31
295,1756,164146.306037354,167794.06
296,1757,179883.057071096,167139.7
297,1758,178071.137668844,173834.12
298,1759,188241.637896875,175498.23
299,1760,174559.656173171,175983.8
300,1761,182347.36304226398,170184.22
301,1762,191507.25187285698,176428.28
302,1763,199751.865597358,179199.88
303,1764,162106.416145131,166713.77
304,1765,164575.982314367,178375.22
305,1766,179176.35218093102,181412.7
306,1767,177327.403857584,186779.12
307,1768,177818.08376178102,172512.12
308,1769,186965.204048443,179435.28
309,1770,178762.74216919698,171163.36
310,1771,183322.86614628302,168908.83
311,1772,178903.295931891,171547.38
312,1773,186570.129421778,165871.47
313,1774,199144.24282902398,171669.25
314,1775,172154.713310956,168830.61
315,1776,177444.01920160302,168307.06
316,1777,166200.938073485,165214.06
317,1778,158995.77055563199,170232.77
318,1779,168273.282454755,166700.08
319,1780,189680.453052788,179268.47
320,1781,181681.02108195602,169945.08
321,1782,160277.14264364302,161624.1
322,1783,197318.54715833,169305.75
323,1784,162228.93560419598,162727.31
324,1785,187340.455456083,167992.38
325,1786,181065.347037275,173205.39
326,1787,190233.609102705,174017.55
327,1788,157929.594852031,155208.03
328,1789,168557.00193546902,166149.47
329,1790,160805.584645628,161787.73
330,1791,221648.391978216,181198.27
331,1792,180539.88079815,174930.47
332,1793,182105.616283853,171262.8
333,1794,166380.852603154,171524.62
334,1795,178942.155617426,169897.12
335,1796,162804.747800461,168605.55
336,1797,183077.684392615,165972.02
337,1798,171728.4720292,169036.92
338,1799,164786.741540638,164004.94
339,1800,177427.267170302,169599.72
340,1801,197318.54715833,169154.1
341,1802,178658.114178223,171602.58
342,1803,185437.32052376398,171202.3
343,1804,169759.652489529,169517.33
344,1805,173986.635055186,170503.58
345,1806,168607.664289468,167477.89
346,1807,194138.519145183,169659.77
347,1808,192502.44092199398,167357.52
348,1809,176746.969818601,166839.1
349,1810,177604.891703134,170403.98
350,1811,193283.746584832,162113.81
351,1812,181627.06100660897,161778.94
352,1813,169071.62025834,166643.75
353,1814,167398.006470987,161828.92
354,1815,150106.505141704,154707.25
355,1816,159650.30428584802,161170.52
356,1817,179471.23597476,162520.67
357,1818,177109.589956218,173007.97
358,1819,166558.113328453,167263.64
359,1820,153796.714319583,152412.16
360,1821,174520.152570658,167263.8
361,1822,196297.95829524,175325.67
362,1823,169100.681601175,149737.45
363,1824,176911.319164431,169424.83
364,1825,169234.64548279997,166987.3
365,1826,172386.297919134,162852.48
366,1827,156031.904802362,163638.44
367,1828,168202.89230659598,168923.39
368,1829,166505.984017547,167519.48
369,1830,176507.37022149,170181.16
370,1831,180116.75255316103,178538.98
371,1832,183072.740591406,161994.28
372,1833,189595.964677698,168693.77
373,1834,167523.919076265,165227.66
374,1835,210817.775863413,174161.36
375,1836,172942.930813351,166585.34
376,1837,145286.278144089,162024.8
377,1838,176468.653371492,167875.75
378,1839,159040.06956218698,159302.83
379,1840,178518.20433250698,172425.39
380,1841,169163.980786825,170261.47
381,1842,189786.68527457898,157960.11
382,1843,181246.728523853,170309.22
383,1844,176349.927153587,169704.69
384,1845,205266.631009142,170183.73
385,1846,187397.993362224,174972.64
386,1847,208943.427726113,176890.1
387,1848,165014.532907657,154254.73
388,1849,182492.03756623602,167181.55
389,1850,161718.71259042,167396.64
390,1851,180084.11894116199,174051.44
391,1852,178534.950802179,169495.52
392,1853,151217.259961305,169462.23
393,1854,156342.717587562,177527.11
394,1855,188511.44383523898,171040.0
395,1856,183570.337896789,190553.7
396,1857,225810.160292177,179199.8
397,1858,214217.40113169397,168084.14
398,1859,187665.64101603,166872.5
399,1860,161157.177744039,169470.22
400,1861,187643.992594193,166895.58
401,1862,228156.372839158,210421.14
402,1863,220449.53466531698,209570.34
403,1864,220522.352084222,209570.34
404,1865,156647.763531624,209973.34
405,1866,187388.833374873,212160.36
406,1867,178640.72379157302,192250.6
407,1868,180847.21673904898,209310.7
408,1869,159505.170529478,183030.55
409,1870,164305.538020654,192192.2
410,1871,180181.19673723,197125.61
411,1872,184602.734989972,177179.8
412,1873,193440.372174434,186040.44
413,1874,184199.78820991103,171144.61
414,1875,196241.892907637,186816.1
415,1876,175588.618271096,182223.67
416,1877,179503.046546829,186118.92
417,1878,183658.076582555,185131.52
418,1879,193700.976276404,171668.84
419,1880,165399.62450704,168722.0
420,1881,186847.944787446,190989.25
421,1882,198127.73287817,195539.83
422,1883,183320.898107934,182144.27
423,1884,181613.606696657,187768.89
424,1885,178298.791761954,197609.28
425,1886,185733.534000593,207798.06
426,1887,180008.188485489,184415.42
427,1888,175127.59621604,203153.23
428,1889,183467.17686272302,177353.44
429,1890,182705.546021743,170619.88
430,1891,152324.943593181,169395.69
431,1892,169878.515981342,164562.12
432,1893,183735.97507657603,172192.11
433,1894,224118.28010594103,170572.94
434,1895,169355.202465146,172050.06
435,1896,180054.276407441,167256.75
436,1897,174081.601977368,164091.67
437,1898,168494.985022146,163382.47
438,1899,181871.598843299,172881.48
439,1900,173554.489658383,175058.2
440,1901,169805.382165577,176164.9
441,1902,176192.990728755,170694.12
442,1903,204264.39284654,187399.86
443,1904,169630.906956928,168451.33
444,1905,185724.838807268,182144.08
445,1906,195699.03628186102,177498.19
446,1907,189494.27616216897,185053.67
447,1908,149607.905673439,165260.88
448,1909,154650.19904597802,171444.53
449,1910,151579.55814043302,168235.14
450,1911,185147.38053114398,184246.4
451,1912,196314.53120359,203095.2
452,1913,210802.395364155,172189.9
453,1914,166271.2863726,155045.83
454,1915,154865.359142973,205495.66
455,1916,173575.5052865,157619.25
456,1917,179399.56355427398,198203.47
457,1918,164280.776562049,170305.25
458,1919,171247.48948121,175119.02
459,1920,166878.587182445,172594.56
460,1921,188129.45971099398,228539.02
461,1922,183517.34369691,209079.33
462,1923,175522.026925727,186111.38
463,1924,190060.10533115198,185972.81
464,1925,174179.824771856,186121.8
465,1926,171059.523675194,225294.69
466,1927,183004.186769318,170021.88
467,1928,183601.647387418,175511.61
468,1929,163539.327185998,166156.64
469,1930,164677.676391525,168959.77
470,1931,162395.073865424,169586.75
471,1932,182207.6323195,169379.86
472,1933,192223.939790304,177500.84
473,1934,176391.829390125,179192.39
474,1935,181913.17912134802,179460.89
475,1936,179136.09788826102,179830.19
476,1937,196595.56824321198,179440.23
477,1938,194822.365690957,177009.03
478,1939,148356.66944091802,191929.84
479,1940,160387.604263899,184282.16
480,1941,181276.50057180898,176981.73
481,1942,192474.817899346,180964.17
482,1943,157699.90779643698,185905.7
483,1944,215785.54081305102,211628.84
484,1945,181824.300998793,223578.47
485,1946,221813.00948166,175273.14
486,1947,165281.292597397,205512.78
487,1948,255629.49047034,185030.14
488,1949,173154.590990955,190083.1
489,1950,183884.65246539,179733.23
490,1951,200210.35360848898,199666.52
491,1952,186599.221265342,190204.45
492,1953,192718.532696106,175830.06
493,1954,178628.665952764,184767.78
494,1955,180650.342418406,169136.17
495,1956,206003.107947263,207045.03
496,1957,166457.67844853,173767.6
497,1958,202916.22165348698,204605.89
498,1959,192463.96998309102,169045.19
499,1960,171775.49718989801,165788.42
500,1961,175249.22214941098,165107.34
501,1962,147086.59893993,162146.6
502,1963,149709.67210037098,163595.22
503,1964,171411.404533743,163801.73
504,1965,178188.964799425,172373.56
505,1966,156491.711373235,174985.75
506,1967,180953.241201168,200175.42
507,1968,203909.759061135,237814.56
508,1969,175470.149087545,224421.28
509,1970,205578.333622415,240883.22
510,1971,199428.85769944103,239394.72
511,1972,187599.163869476,224139.12
512,1973,192265.198109864,199286.16
513,1974,196666.55489767698,208665.56
514,1975,155537.86225268198,231545.39
515,1976,169543.240620935,195789.81
516,1977,202487.01017050102,226101.72
517,1978,208232.716273485,225562.45
518,1979,173621.195202569,210071.0
519,1980,172414.608571812,183419.6
520,1981,164400.75641556,214853.36
521,1982,160480.424024781,186718.19
522,1983,156060.853810389,184006.2
523,1984,157437.192820581,177208.19
524,1985,158163.72092977198,187018.53
525,1986,154849.043268978,186066.9
526,1987,152186.609341561,178834.08
527,1988,180340.215399228,177324.53
528,1989,178344.62451356,181738.27
529,1990,190170.382266827,187938.44
530,1991,168092.97548083198,184958.28
531,1992,178757.912566805,189319.62
532,1993,174518.256882082,177342.45
533,1994,198168.49011628897,195169.86
534,1995,176882.69397890198,181220.1
535,1996,183801.67289625102,193634.6
536,1997,196400.046680661,216348.7
537,1998,172281.605004025,219656.77
538,1999,196380.366297173,194992.83
539,2000,198228.35430668198,205512.2
540,2001,195556.58126896198,197737.06
541,2002,186453.264469043,191270.05
542,2003,181869.381196234,194218.95
543,2004,175610.84012414698,198427.98
544,2005,183438.730800145,190869.38
545,2006,179584.488673295,188274.89
546,2007,182386.15224203398,191907.7
547,2008,160750.36723705402,184414.5
548,2009,182477.505046008,180550.2
549,2010,187720.35920717102,182614.92
550,2011,187201.94208151102,170237.58
551,2012,176385.10223514898,178922.53
552,2013,175901.787841278,180137.81
553,2014,182584.280198283,181180.97
554,2015,195664.686104237,185384.86
555,2016,181420.346494222,181237.77
556,2017,176676.04995228,184358.67
557,2018,181594.67886733398,167228.67
558,2019,178521.747964951,168596.69
559,2020,175895.883726231,164689.53
560,2021,168468.005916477,164560.8
561,2022,200973.129447888,178862.61
562,2023,197030.641992202,168326.88
563,2024,192867.41784459198,187687.08
564,2025,196449.247639381,220235.73
565,2026,141684.196398607,177866.67
566,2027,153353.334123901,172572.38
567,2028,151143.549016705,174347.3
568,2029,163753.087114229,176311.1
569,2030,158682.460013921,199861.58
570,2031,144959.835250915,198479.4
571,2032,160144.39054857902,199310.11
572,2033,156286.534303521,200588.23
573,2034,165726.707619571,176223.75
574,2035,182427.48104735898,186687.4
575,2036,173310.56154032,184201.8
576,2037,173310.56154032,185609.73
577,2038,151556.01403002,209341.67
578,2039,158908.146068683,188124.81
579,2040,209834.383092536,215457.98
580,2041,192410.516550815,195642.14
581,2042,174026.247294886,183309.7
582,2043,195499.83011533602,178623.66
583,2044,200918.018812493,180209.03
584,2045,207243.616023976,184415.72
585,2046,196149.783851876,171758.81
586,2047,192097.914850217,171112.0
587,2048,178570.948923671,170039.28
588,2049,228617.968325428,173221.44
589,2050,199929.884438451,180916.02
590,2051,160206.365612859,165415.64
591,2052,179854.431885567,169593.95
592,2053,185987.340461822,173347.42
593,2054,161122.505607926,159554.25
594,2055,175949.342720138,175935.44
595,2056,183683.59059532397,169805.67
596,2057,176401.34762338,166876.11
597,2058,205832.53252789698,187203.11
598,2059,177799.799849436,169763.08
599,2060,167565.362080406,174724.7
600,2061,186348.958436557,179121.92
601,2062,179782.759465081,169240.9
602,2063,169837.62333332302,166337.84
603,2064,178817.27567575802,170849.06
604,2065,174444.479149339,168785.62
605,2066,192834.96891717397,178903.84
606,2067,196564.71798498102,169185.2
607,2068,206977.567039357,174432.38
608,2069,157054.253944128,160939.36
609,2070,175142.948078577,163980.98
610,2071,159932.1643654,162085.31
611,2072,182801.408333628,165538.3
612,2073,181510.375176825,171213.7
613,2074,181613.03512945102,182027.64
614,2075,186920.512597635,172249.58
615,2076,157950.170625222,166454.6
616,2077,176115.159022876,172236.1
617,2078,182744.514344465,168459.17
618,2079,180660.68369159102,170320.47
619,2080,160775.629777099,164778.52
620,2081,186711.71584808198,166584.69
621,2082,223581.758190888,170992.64
622,2083,172330.943236652,170730.52
623,2084,163474.633393212,164443.22
624,2085,175308.263299874,166479.06
625,2086,187462.725306432,167261.19
626,2087,180655.101535034,166809.36
627,2088,152121.98603454,164373.52
628,2089,159856.233909727,158353.27
629,2090,186559.85493673699,168040.77
630,2091,183962.55095941102,168502.69
631,2092,162107.168699296,165673.58
632,2093,162582.288981283,166740.0
633,2094,154407.701597409,169520.42
634,2095,181625.666399474,174451.47
635,2096,164810.60947354801,158087.9
636,2097,176429.40124170398,161387.31
637,2098,179188.08992525897,173011.33
638,2099,145997.635377703,155922.17
639,2100,218676.768270367,160675.5
640,2101,188323.86121422602,168059.88
641,2102,168690.0722914,169748.55
642,2103,165088.746797705,162865.64
643,2104,191435.007885166,167695.69
644,2105,168864.404664512,164521.0
645,2106,176041.88237157397,157302.22
646,2107,215911.674390325,193938.25
647,2108,167388.238629016,165258.25
648,2109,163854.786753017,165275.28
649,2110,163299.477980171,169551.06
650,2111,178298.21463311897,174076.58
651,2112,176376.586164775,168384.75
652,2113,170211.043976522,166970.22
653,2114,170818.34478636598,164490.9
654,2115,174388.867432503,172242.31
655,2116,161112.987374671,167147.8
656,2117,172179.08232530698,171096.42
657,2118,157798.309713876,166308.16
658,2119,169106.151422924,162825.77
659,2120,170129.531364292,167769.0
660,2121,157680.227412949,164380.88
661,2122,162690.209131977,162317.45
662,2123,146968.379365095,159869.42
663,2124,181507.721372455,179060.05
664,2125,191215.589752983,166311.84
665,2126,189432.68984452198,171698.25
666,2127,207271.484957719,172431.77
667,2128,170030.807488363,166705.5
668,2129,148409.806476335,164256.4
669,2130,193850.613979055,171117.92
670,2131,193808.319298263,171026.7
671,2132,166300.23538062698,167007.17
672,2133,163474.633393212,168392.94
673,2134,177473.60656497802,166143.5
674,2135,157443.925537187,162572.27
675,2136,180681.00799205698,156760.31
676,2137,183463.17030026,166103.31
677,2138,182481.763081195,170617.55
678,2139,193717.15117887,174172.66
679,2140,182782.55099007,170559.77
680,2141,175530.651633287,171915.42
681,2142,177804.057884623,169974.52
682,2143,159448.670848577,169039.86
683,2144,181338.97671752897,166664.62
684,2145,178553.55853702102,169913.89
685,2146,162820.928264556,175182.44
686,2147,188832.47999718602,168850.56
687,2148,164682.185899437,170969.98
688,2149,181549.735943801,172727.48
689,2150,199158.097008868,188083.81
690,2151,152889.520990566,167380.03
691,2152,181150.551679116,181045.25
692,2153,181416.732376013,175541.89
693,2154,164391.238182305,163492.22
694,2155,185421.04649881198,168753.58
695,2156,193981.32755000397,192618.34
696,2157,178824.324789223,189970.88
697,2158,209270.051606246,193359.12
698,2159,177801.26680634398,188694.34
699,2160,179053.76223610103,179227.83
700,2161,178762.170601992,192751.2
701,2162,184655.30045818302,230291.81
702,2163,191284.655779772,216818.36
703,2164,179598.085818785,192932.95
704,2165,167517.628078595,179576.77
705,2166,182873.903794044,171464.56
706,2167,177484.91371363,186314.69
707,2168,188444.59731952398,184012.05
708,2169,179184.15384856198,184118.16
709,2170,184365.17578098198,187213.42
710,2171,184479.322005212,174926.05
711,2172,182927.863869391,170163.39
712,2173,178611.639373646,177004.69
713,2174,181943.343613558,190732.95
714,2175,175080.614768394,205054.98
715,2176,190720.794649138,211724.11
716,2177,198422.868144723,192857.86
717,2178,184482.11308349,186355.53
718,2179,139214.952187861,170784.77
719,2180,169233.11360175698,187822.39
720,2181,180664.118686848,180425.39
721,2182,178818.74263266602,189038.33
722,2183,180422.049969947,181266.0
723,2184,178601.93645581,168298.38
724,2185,183083.159775993,170350.39
725,2186,173163.101499699,170993.11
726,2187,185968.161159774,174570.77
727,2188,171226.050683054,174718.58
728,2189,281643.976116786,185275.23
729,2190,160031.711281258,159705.8
730,2191,162775.979779394,159758.22
731,2192,160735.44597019302,161814.66
732,2193,166646.109048572,162663.81
733,2194,188384.54844454897,161614.62
734,2195,165830.69725519698,166952.05
735,2196,182138.358533039,164198.98
736,2197,171595.39797564698,166749.86
737,2198,160337.079183809,174310.92
738,2199,191215.088671543,178248.19
739,2200,166956.093232213,168589.06
740,2201,186581.83087869198,171633.06
741,2202,176450.54858209897,185630.61
742,2203,193743.194909801,169576.14
743,2204,198882.566078408,180014.97
744,2205,176385.10223514898,164155.08
745,2206,162447.639333636,169959.58
746,2207,193782.555676777,188549.06
747,2208,183653.890897141,196147.08
748,2209,210578.623546866,189738.6
749,2210,158527.164107319,167210.03
750,2211,163081.025723456,165400.95
751,2212,174388.867432503,164822.78
752,2213,191905.87013196602,163421.77
753,2214,174388.867432503,166393.23
754,2215,161642.711648983,164885.56
755,2216,186939.507215101,173192.48
756,2217,172482.165792649,161925.92
757,2218,159695.999763546,158423.86
758,2219,157230.36967100698,158130.77
759,2220,179188.08992525897,155680.53
760,2221,157972.82120994,205977.2
761,2222,156804.951429181,196438.73
762,2223,211491.97246365398,202650.55
763,2224,186537.246201062,187045.81
764,2225,200468.16107055102,168765.92
765,2226,182241.340444154,181337.7
766,2227,157342.22589839902,184729.31
767,2228,182022.387105998,196298.31
768,2229,181244.510876788,190327.81
769,2230,178556.67157378801,172466.58
770,2231,189547.199876284,187786.86
771,2232,187948.65165563,178464.66
772,2233,194107.287565956,177907.69
773,2234,183521.710369283,193588.56
774,2235,183682.12363841603,188758.19
775,2236,178483.353073443,199260.12
776,2237,184003.87976473602,220608.88
777,2238,171318.59033449,187817.78
778,2239,162039.754313997,166235.36
779,2240,154846.25219069902,174452.92
780,2241,194822.365690957,177473.4
781,2242,169788.73877146302,169171.92
782,2243,178891.55448994102,168900.64
783,2244,152084.772428865,164720.2
784,2245,139169.86642879,164912.62
785,2246,192439.536044606,172844.98
786,2247,161067.859766557,164625.02
787,2248,158762.64850478098,167180.64
788,2249,175569.690441774,167171.1
789,2250,183659.79501218698,170444.64
790,2251,280618.132617258,168019.36
791,2252,180051.809151659,179295.88
792,2253,176519.18031559,173878.36
793,2254,179028.429210291,179707.9
794,2255,177161.58385722397,181302.03
795,2256,180081.50884984198,181368.2
796,2257,205895.254584712,181920.28
797,2258,183389.78131415,178593.11
798,2259,178543.64785951198,176889.84
799,2260,194798.32049910398,176649.69
800,2261,162845.61367576598,182962.72
801,2262,148103.867006579,187951.0
802,2263,201016.171121215,221046.88
803,2264,277936.12694354,236039.86
804,2265,249768.279823405,181871.39
805,2266,161596.052159825,201190.31
806,2267,158011.114889899,226290.92
807,2268,194089.683858004,218112.47
808,2269,181733.336941451,172479.23
809,2270,182852.32772198,184273.12
810,2271,189893.003058465,188521.47
811,2272,194650.210979875,187431.73
812,2273,187904.461286262,176733.97
813,2274,171774.92562269198,176370.23
814,2275,177998.685921479,177489.05
815,2276,175648.484325498,180007.44
816,2277,196918.07136206698,179691.83
817,2278,184299.838071218,172872.45
818,2279,182379.855682734,169369.36
819,2280,184050.725802482,168325.2
820,2281,158296.975970284,175643.0
821,2282,175053.355553278,179312.17
822,2283,162293.37609064401,163504.22
823,2284,186328.88004718602,165369.61
824,2285,151422.11693653802,175587.47
825,2286,181969.358707768,166205.11
826,2287,189122.67702416,216530.02
827,2288,185645.475220346,198057.47
828,2289,182829.898109257,221090.7
829,2290,195848.788183328,240502.69
830,2291,198785.05955067198,215982.84
831,2292,181676.126555428,227626.05
832,2293,194131.012663328,248270.88
833,2294,201416.004864508,234884.97
834,2295,185096.57720561602,238448.45
835,2296,195158.972598372,200008.44
836,2297,184795.783735112,204111.5
837,2298,189168.26386467103,211877.12
838,2299,216855.260149095,225978.2
839,2300,184946.64248357603,212364.17
840,2301,189317.51282069,198462.73
841,2302,180803.277842406,191254.72
842,2303,175061.18585763,191595.02
843,2304,179074.83909073198,193372.33
844,2305,145708.76433610698,178564.6
845,2306,142398.022752011,177534.83
846,2307,161474.534863641,178958.72
847,2308,157025.945155458,187556.84
848,2309,163424.03782735698,201083.86
849,2310,164692.778645345,185797.14
850,2311,152163.24435410002,183212.61
851,2312,192383.215486656,177858.23
852,2313,182520.230322476,178674.19
853,2314,187254.50754972198,181326.95
854,2315,176489.659740359,178726.97
855,2316,181520.466841293,180774.38
856,2317,186414.97821472102,178188.75
857,2318,185197.764639705,179822.47
858,2319,178657.79408374103,179586.12
859,2320,179731.19802375897,180185.6
860,2321,161748.27131707402,191219.39
861,2322,158608.749069322,179140.03
862,2323,178807.370559878,180097.52
863,2324,184187.15880389698,177333.6
864,2325,181686.10402108,184342.73
865,2326,190311.050228337,178056.36
866,2327,192252.49635407602,186075.05
867,2328,193954.849525775,190343.03
868,2329,181044.20156088698,180639.58
869,2330,180258.131219792,177445.27
870,2331,199641.65731383397,222124.5
871,2332,197530.77520551698,227923.61
872,2333,191777.19694913802,214155.81
873,2334,195779.543033588,195556.73
874,2335,202112.04652299898,199808.89
875,2336,192343.34807661,211231.05
876,2337,185191.359443218,181302.14
877,2338,186760.207965688,200277.36
878,2339,177733.78193528,188354.17
879,2340,164430.391189608,227303.38
880,2341,185299.60155240103,185196.64
881,2342,186414.012339254,188628.45
882,2343,176401.921054593,185122.86
883,2344,182381.322639642,190828.72
884,2345,176334.184710805,192213.03
885,2346,184901.735847457,187827.06
886,2347,180085.76688502898,182763.2
887,2348,184901.735847457,190817.89
888,2349,183967.561548763,175902.2
889,2350,193046.30157465898,202984.11
890,2351,168538.969495849,192643.23
891,2352,170157.842016969,192252.19
892,2353,196559.709259637,189011.4
893,2354,177133.709361852,168959.78
894,2355,181553.27957624398,173933.44
895,2356,185770.60663473897,172654.05
896,2357,177017.59509927398,181790.83
897,2358,184123.35853680602,182413.11
898,2359,165970.357492196,167195.92
899,2360,158151.985049452,164281.38
900,2361,177086.476441481,171802.39
901,2362,196373.896176551,196246.6
902,2363,172465.707083115,170799.78
903,2364,168590.782409896,175633.05
904,2365,158820.474171061,188113.77
905,2366,151611.37057651,184470.44
906,2367,152125.028585543,188516.78
907,2368,158404.073081048,187525.12
908,2369,160692.078640755,187041.58
909,2370,170175.22684199,177438.48
910,2371,169854.43659113802,176184.11
911,2372,183410.78581900802,179459.44
912,2373,180347.19402692802,199435.77
913,2374,178930.528374292,207694.33
914,2375,153346.220086301,190829.89
915,2376,182675.204270589,205549.94
916,2377,180770.649792036,227950.58
917,2378,188714.148087543,172746.45
918,2379,191393.608594076,180125.8
919,2380,174016.157494425,171148.06
920,2381,183189.685319552,175825.8
921,2382,183621.50875786602,184043.69
922,2383,168991.29635758,183189.61
923,2384,185306.650665866,192215.38
924,2385,189030.680303208,175804.39
925,2386,179208.66569844898,171360.19
926,2387,174901.452792889,170297.88
927,2388,168337.40654434302,167207.23
928,2389,158234.96461859,167194.62
929,2390,179562.453368834,173012.8
930,2391,174176.391640607,171358.5
931,2392,173931.531845427,165690.78
932,2393,184111.729429665,178202.78
933,2394,179374.482001188,172580.45
934,2395,207348.811884535,185248.27
935,2396,186983.419339031,173458.2
936,2397,206779.094049527,187269.14
937,2398,177472.074683935,169537.61
938,2399,156727.948324862,155608.62
939,2400,157090.56846247902,154570.67
940,2401,160387.032696693,165733.9
941,2402,172410.28005086,171970.56
942,2403,191603.365657467,171790.19
943,2404,182152.207151253,171958.45
944,2405,180161.697340702,173261.39
945,2406,169652.235284283,170547.53
946,2407,182503.520140218,166792.16
947,2408,179714.63067703898,171999.72
948,2409,180282.57071990802,168469.33
949,2410,192600.33806037102,177707.9
950,2411,166115.491248565,166250.73
951,2412,186379.553524443,176333.55
952,2413,184361.992258449,169603.19
953,2414,186220.965458121,173489.1
954,2415,198176.47090687,170459.25
955,2416,168437.776500131,170064.64
956,2417,178003.582312015,169816.88
957,2418,179180.46924458802,167349.34
958,2419,191930.56110480602,164999.66
959,2420,175590.266214964,166922.75
960,2421,176713.19307219,174148.44
961,2422,180159.090947005,167517.2
962,2423,188090.100808026,168905.72
963,2424,186184.717727913,173735.36
964,2425,223055.588672278,188758.89
965,2426,158270.753116401,169467.52
966,2427,184733.12846644,170014.77
967,2428,199926.378957429,179657.94
968,2429,175075.785166001,165676.97
969,2430,180917.92514807603,167818.03
970,2431,182067.76062520698,163851.31
971,2432,178238.60191545,172115.73
972,2433,173454.944606532,172248.06
973,2434,176821.93626281398,169703.92
974,2435,183642.191304235,173220.56
975,2436,177254.582741058,166073.55
976,2437,168715.950111702,163608.39
977,2438,180096.93119814398,167199.86
978,2439,160620.728178758,166506.22
979,2440,175286.544392273,166732.97
980,2441,153494.783276297,164063.1
981,2442,156407.65915545,163357.08
982,2443,162162.525245786,165944.61
983,2444,166809.88682719698,167213.72
984,2445,172929.156408918,157947.53
985,2446,193514.330894137,166500.66
986,2447,181612.14160375603,182093.48
987,2448,191745.386377068,168475.9
988,2449,171369.32503826098,163334.14
989,2450,184425.470567051,172915.75
990,2451,170563.252355189,169049.17
991,2452,184522.36924016802,186761.86
992,2453,164968.947931153,162203.66
993,2454,157939.621592364,169870.12
994,2455,151520.381580069,166208.34
995,2456,176129.50872253103,169224.78
996,2457,171112.978971478,167847.02
997,2458,169762.081624282,166213.3
998,2459,162246.828936295,163486.95
999,2460,171339.303381589,168308.66
1000,2461,189034.753653813,164948.67
1001,2462,175758.873595981,169126.48
1002,2463,163351.721489893,167243.62
1003,2464,189806.546645026,175186.8
1004,2465,175370.990918319,169536.55
1005,2466,196895.59990030102,163875.77
1006,2467,176905.917994834,172707.77
1007,2468,176866.55722785802,157044.73
1008,2469,163590.677170026,156985.03
1009,2470,212693.50295839302,181015.77
1010,2471,192686.931747717,188607.83
1011,2472,181578.684951827,173908.75
1012,2473,166475.457581812,167435.6
1013,2474,185998.255166219,159449.47
1014,2475,185527.714877908,189946.12
1015,2476,159027.118197683,165650.78
1016,2477,181169.654933769,169250.38
1017,2478,176732.915304722,175057.75
1018,2479,191619.294648838,163912.58
1019,2480,189114.30378932398,172386.22
1020,2481,180934.635330334,169784.81
1021,2482,164573.372223048,168189.3
1022,2483,173902.011270196,166311.77
1023,2484,165625.127741229,166189.08
1024,2485,179555.21957078698,167028.8
1025,2486,196899.720661579,175232.77
1026,2487,207566.12470446,178466.08
1027,2488,163899.981149274,176649.86
1028,2489,189179.428177786,173745.83
1029,2490,193892.880023125,172957.34
1030,2491,178980.87433143103,162517.75
1031,2492,179749.876244365,181850.19
1032,2493,197999.674975598,173871.1
1033,2494,203717.470295797,175919.31
1034,2495,185249.261156892,161970.7
1035,2496,201691.208274848,192034.14
1036,2497,181956.548314794,173732.2
1037,2498,171895.936275806,164715.08
1038,2499,187245.16843941898,162914.73
1039,2500,157816.77461318,169118.94
1040,2501,191702.912573325,170440.98
1041,2502,198599.420028908,173705.25
1042,2503,187193.31367632898,162630.83
1043,2504,220514.993999535,182380.47
1044,2505,181814.527595192,189523.55
1045,2506,183750.755371907,194905.53
1046,2507,183000.431679579,200091.16
1047,2508,185830.97190657302,194949.8
1048,2509,185497.872344187,187469.52
1049,2510,179613.43768132103,188397.19
1050,2511,164454.967963631,178426.23
1051,2512,185127.237217638,184713.08
1052,2513,178750.613844623,187778.0
1053,2514,160927.61044889,194319.14
1054,2515,192562.80805783602,174006.64
1055,2516,180990.24148554,174711.83
1056,2517,180064.94150312198,170270.28
1057,2518,196070.99739378897,174074.55
1058,2519,180352.91901902301,190905.61
1059,2520,183367.95376936198,186586.36
1060,2521,176734.841494027,182275.86
1061,2522,180848.22076593898,187889.78
1062,2523,187806.05936882301,171333.98
1063,2524,180521.52640004,170256.38
1064,2525,181502.754496154,172704.31
1065,2526,174525.87942676,170270.02
1066,2527,188927.984063168,169306.98
1067,2528,184728.87043125302,169946.98
1068,2529,179857.97551801102,170169.48
1069,2530,180962.86807160897,165712.25
1070,2531,179194.06639007802,192875.72
1071,2532,179591.78925948398,189552.5
1072,2533,180638.463702549,183511.4
1073,2534,185846.21513192198,190698.8
1074,2535,195174.031139141,207330.7
1075,2536,192474.56829063,194233.08
1076,2537,164200.59549682698,192043.78
1077,2538,178403.094096818,181786.14
1078,2539,170774.84018302,180384.9
1079,2540,179879.945898337,177393.6
1080,2541,177668.192752792,180966.73
1081,2542,180174.328610725,175393.08
1082,2543,170643.30357214098,167483.03
1083,2544,165448.00428983802,167845.6
1084,2545,195531.75488622198,169695.64
1085,2546,165314.177682121,170088.86
1086,2547,172532.757660882,171145.92
1087,2548,203310.21806987698,173797.95
1088,2549,175090.062515883,172810.05
1089,2550,230841.338626282,192593.88
1090,2551,155225.19006632,169467.73
1091,2552,168322.342441945,166923.84
1092,2553,165956.259265265,157884.2
1093,2554,193956.81756412398,163635.86
1094,2555,171070.367893827,165809.1
1095,2556,166285.243628001,163791.72
1096,2557,182875.801346628,165936.55
1097,2558,218108.536769738,180011.78
1098,2559,174378.77763204198,169612.77
1099,2560,164731.31637239098,168761.22
1100,2561,156969.69508327302,172739.8
1101,2562,173388.854342604,165805.44
1102,2563,177559.62868511898,171292.73
1103,2564,194297.789279905,179901.72
1104,2565,174894.588364005,172633.62
1105,2566,196544.14407579802,172278.86
1106,2567,179036.15852814898,166645.58
1107,2568,211423.98651114898,184386.53
1108,2569,208156.39893518802,184461.84
1109,2570,159233.941347257,167216.06
1110,2571,210820.11513493102,177220.33
1111,2572,140196.10979821,180622.39
1112,2573,198678.469082978,185807.66
1113,2574,186818.610760803,198339.56
1114,2575,175044.797633861,168803.27
1115,2576,180031.162892704,167147.66
1116,2577,176889.171525162,172292.05
1117,2578,159638.856165666,159807.7
1118,2579,154287.264375509,158878.33
1119,2580,191885.61818127302,168322.3
1120,2581,177503.37861293397,166025.78
1121,2582,166548.31684976,163736.9
1122,2583,164475.14942856,197611.03
1123,2584,167484.744857879,176881.98
1124,2585,188683.160555403,180690.23
1125,2586,162243.399502668,186954.03
1126,2587,180807.213919103,185047.27
1127,2588,176279.079637039,175181.61
1128,2589,163438.959094218,170969.62
1129,2590,161495.5393685,187051.48
1130,2591,216032.303722443,184980.77
1131,2592,176632.18154140102,184426.89
1132,2593,168743.001567144,191774.25
1133,2594,183810.11848086,178113.56
1134,2595,156794.36054728,185551.58
1135,2596,169136.43011395,216368.47
1136,2597,183203.31875245602,181591.77
1137,2598,213252.926930889,199439.38
1138,2599,190550.32786695898,212574.45
1139,2600,234707.209860273,184527.66
1140,2601,135751.318892816,170774.55
1141,2602,164228.45886894,158837.84
1142,2603,153219.437030419,163818.48
1143,2604,164210.746523801,160407.56
1144,2605,163883.229117973,157866.27
1145,2606,154892.776269956,170724.84
1146,2607,197092.08733832,180425.25
1147,2608,228148.376399122,186009.47
1148,2609,178680.587503997,174534.17
1149,2610,165643.34116780802,164374.75
1150,2611,222406.642660249,172098.17
1151,2612,184021.843582599,173509.95
1152,2613,170871.094939159,171165.95
1153,2614,189562.873697309,169203.03
1154,2615,170591.884966356,175716.11
1155,2616,172934.351682851,170800.86
1156,2617,186425.069879189,183852.64
1157,2618,218648.131133006,185969.4
1158,2619,183035.606761141,188507.69
1159,2620,178378.906069427,179884.11
1160,2621,184516.716597846,179125.66
1161,2622,181419.52531829997,180314.52
1162,2623,196858.923438425,193477.28
1163,2624,189228.701486278,201752.16
1164,2625,208973.380761028,206175.64
1165,2626,180269.86896412,175610.39
1166,2627,159488.713683953,180550.66
1167,2628,191490.299507521,235029.38
1168,2629,228684.245137946,259653.23
1169,2630,201842.998700429,218479.03
1170,2631,209242.82289186,239119.39
1171,2632,202357.62258493,236377.6
1172,2633,168238.61218265,206929.64
1173,2634,202524.12465369,224070.48
1174,2635,170588.771929588,173754.02
1175,2636,198375.31512987,181221.4
1176,2637,170636.827889889,181620.47
1177,2638,181991.079479377,196207.52
1178,2639,183994.54251844,183412.55
1179,2640,182951.48219358397,173579.92
1180,2641,174126.29715619198,162031.0
1181,2642,170575.496742588,180636.95
1182,2643,175332.239869971,163142.45
1183,2644,167522.061539111,168324.23
1184,2645,168095.583738538,163325.73
1185,2646,154406.41562746098,161931.12
1186,2647,170996.973346087,163138.53
1187,2648,159056.890245639,172241.58
1188,2649,181373.61651929998,172521.3
1189,2650,152272.560975937,174298.83
1190,2651,168664.346821336,171755.38
1191,2652,211007.008292301,237671.72
1192,2653,182909.515032911,192555.06
1193,2654,203926.829353303,197971.38
1194,2655,179082.82544294398,225386.7
1195,2656,206260.099795032,216062.72
1196,2657,181732.443415757,211268.38
1197,2658,189698.74069314802,206762.23
1198,2659,203074.34678979,211303.16
1199,2660,201670.63436566602,221243.31
1200,2661,173756.812589691,216525.92
1201,2662,181387.076390881,220708.64
1202,2663,184859.155270535,199214.83
1203,2664,158313.61566677698,199135.61
1204,2665,151951.955409666,207627.72
1205,2666,162537.52704471,201179.61
1206,2667,178998.33706785398,176015.3
1207,2668,186732.584943041,182125.47
1208,2669,187323.318406165,178484.4
1209,2670,199437.23279828398,204910.81
1210,2671,185546.680858653,182222.83
1211,2672,161595.015798593,180437.97
1212,2673,154672.42276303598,185761.89
1213,2674,159355.710116165,184978.58
1214,2675,155919.014077746,177895.44
1215,2676,182424.87095604,181039.44
1216,2677,178100.58962231898,182945.31
1217,2678,202577.900044456,196355.78
1218,2679,177862.778940605,197973.81
1219,2680,182056.024744887,202792.83
1220,2681,191403.199177104,232732.83
1221,2682,196264.754980043,214563.66
1222,2683,209375.003419718,258175.77
1223,2684,196691.81930173,207704.44
1224,2685,192458.431539585,214200.22
1225,2686,182242.80926507,195008.19
1226,2687,183259.503900506,209983.64
1227,2688,188108.24374884102,189189.73
1228,2689,171418.640195797,187675.95
1229,2690,194698.882220432,242764.73
1230,2691,174841.84007522,179278.1
1231,2692,172965.476488899,168127.97
1232,2693,189386.323677132,182933.45
1233,2694,185682.618340257,169913.45
1234,2695,176412.01271906102,181588.66
1235,2696,174976.489722867,180914.11
1236,2697,180718.581707643,179579.34
1237,2698,186131.188248242,182133.12
1238,2699,165220.786354033,178413.19
1239,2700,164115.893800435,173967.78
1240,2701,182125.72912702398,173502.66
1241,2702,182285.140233276,164277.33
1242,2703,196325.44221036602,174250.17
1243,2704,164865.215329881,171291.89
1244,2705,182694.49220982302,166396.66
1245,2706,185425.485520958,166219.73
1246,2707,171414.7041191,168676.45
1247,2708,183433.472466085,170058.25
1248,2709,176844.981155794,165059.14
1249,2710,180568.187753206,167644.86
1250,2711,185948.625475832,208317.47
1251,2712,189388.29171548103,223370.98
1252,2713,142754.489165865,176940.81
1253,2714,156106.800760811,175173.94
1254,2715,155895.397617561,177378.36
1255,2716,159851.977738548,173789.55
1256,2717,185157.83230552397,178660.77
1257,2718,180716.291710805,188492.08
1258,2719,176901.09395407102,173778.97
1259,2720,181017.222455218,180100.98
1260,2721,183269.15940766802,170377.86
1261,2722,193550.83009706897,175635.52
1262,2723,170625.842699726,172041.27
1263,2724,182012.405942725,168170.84
1264,2725,179162.50729073302,170427.97
1265,2726,183269.15940766802,170861.14
1266,2727,180589.836175042,179589.36
1267,2728,181465.935198741,177626.64
1268,2729,196053.029878304,172470.52
1269,2730,183421.02031901397,171674.64
1270,2731,167926.839083612,168213.77
1271,2732,168027.530997889,168044.44
1272,2733,182164.26685407,174377.84
1273,2734,172469.071592608,174763.77
1274,2735,181059.374300472,169963.95
1275,2736,182997.57011553601,169041.66
1276,2737,166140.504179894,168086.12
1277,2738,198515.546934075,170067.61
1278,2739,193789.64850329398,175342.78
1279,2740,173550.025727531,171451.78
1280,2741,176487.94317473398,174176.05
1281,2742,188813.30255914698,172819.81
1282,2743,178531.911979192,174274.33
1283,2744,182145.731469001,173043.25
1284,2745,179196.465024103,170580.81
1285,2746,169618.349900686,171305.22
1286,2747,170010.168655046,171964.73
1287,2748,181739.67165217397,166832.97
1288,2749,172846.934955574,170362.39
1289,2750,195560.88301720002,171087.83
1290,2751,180358.11429295602,170516.28
1291,2752,211817.702818093,186965.6
1292,2753,176170.12868674198,175147.55
1293,2754,234492.24826369897,199422.61
1294,2755,182450.956536015,167095.31
1295,2756,174902.068073146,163715.36
1296,2757,173684.174293738,158278.22
1297,2758,147196.67367756198,160792.28
1298,2759,175231.18970979098,172592.33
1299,2760,193417.64740633,165335.64
1300,2761,183313.601249761,170844.73
1301,2762,180882.250849082,171894.9
1302,2763,186735.697979808,184509.61
1303,2764,172922.86541124698,177669.28
1304,2765,202551.677190573,201110.55
1305,2766,190485.634074173,170666.47
1306,2767,173439.49362151,160299.6
1307,2768,196613.59884921898,169733.0
1308,2769,178152.259700828,168862.64
1309,2770,174519.904825949,174479.23
1310,2771,172627.796932837,166016.7
1311,2772,173732.689486435,166048.06
1312,2773,209219.844787023,173608.62
1313,2774,181059.374300472,169548.05
1314,2775,188515.44300245898,166014.56
1315,2776,182164.26685407,171350.28
1316,2777,188137.90159798102,172916.7
1317,2778,158893.54306269,168505.47
1318,2779,189579.65066771,167715.69
1319,2780,165229.803505847,161644.39
1320,2781,162186.071220207,162061.08
1321,2782,166374.879866351,161440.16
1322,2783,161665.184974757,163069.38
1323,2784,175079.328798445,167340.58
1324,2785,203840.874021305,167236.72
1325,2786,152129.078861057,159470.11
1326,2787,181012.141380101,167779.22
1327,2788,161305.53503837,157910.4
1328,2789,203326.39297234302,182216.78
1329,2790,168385.571141831,161014.75
1330,2791,183564.36515998602,165523.45
1331,2792,163784.619440861,155986.02
1332,2793,171989.19219399302,178820.42
1333,2794,180839.95616829,164462.34
1334,2795,170895.92318590698,164691.44
1335,2796,174071.054808518,166359.31
1336,2797,259423.85914754603,188180.2
1337,2798,188000.824679588,164141.52
1338,2799,179171.703565498,164418.28
1339,2800,171022.241447762,155616.17
1340,2801,174126.29715619198,164735.08
1341,2802,187625.573271948,171075.61
1342,2803,199567.94636923398,181696.86
1343,2804,205328.078219268,173954.0
1344,2805,166231.535025379,162901.7
1345,2806,154743.91606057,158584.38
1346,2807,159714.537012622,177042.4
1347,2808,185563.06908242198,173977.97
1348,2809,171500.796725006,169475.5
1349,2810,180983.44384479898,169726.52
1350,2811,183141.236914997,172000.14
1351,2812,178498.63445021398,171400.22
1352,2813,224323.710512388,176184.38
1353,2814,218200.64212787698,175467.42
1354,2815,182283.17775655698,166624.94
1355,2816,190054.63923741897,188623.86
1356,2817,160192.453934518,173501.67
1357,2818,171289.39358175598,169011.78
1358,2819,151131.098733642,178127.56
1359,2820,181721.458225594,169600.02
1360,2821,172725.053851858,165149.5
1361,2822,222438.69914341398,182640.02
1362,2823,235419.373448928,195353.31
1363,2824,185150.92602759603,180159.34
1364,2825,184772.239624699,175928.27
1365,2826,180658.21643580898,169443.88
1366,2827,209673.31664717398,171320.28
1367,2828,205939.810625621,189485.53
1368,2829,165633.573325837,179740.22
1369,2830,186030.317211014,194234.22
1370,2831,160312.31958921198,179282.98
1371,2832,190702.44025102898,191394.98
1372,2833,175122.810326699,202657.19
1373,2834,183783.13937519,185875.14
1374,2835,178290.666302221,184460.1
1375,2836,181605.343963015,181874.78
1376,2837,187992.451444752,177148.94
1377,2838,188885.11781517,174318.6
1378,2839,189959.344795118,179697.16
1379,2840,179258.61921133398,182422.2
1380,2841,181518.75027566898,185410.27
1381,2842,193008.659237315,189176.38
1382,2843,186313.89385619,172110.78
1383,2844,181499.39185067,176111.17
1384,2845,174126.29715619198,166481.38
1385,2846,183918.612062767,185797.22
1386,2847,184114.270899227,182369.7
1387,2848,158540.947801398,188760.97
1388,2849,197034.75905585897,186640.7
1389,2850,185170.284452595,204586.95
1390,2851,221134.53363514802,190287.23
1391,2852,184306.637575967,194367.8
1392,2853,199792.302740996,193045.44
1393,2854,143237.803559736,170571.39
1394,2855,177294.83889773602,184605.4
1395,2856,182368.620883855,184611.97
1396,2857,176487.94317473398,181406.88
1397,2858,183849.40876207102,183892.53
1398,2859,184964.141507413,166086.83
1399,2860,196395.969632434,167195.69
1400,2861,188374.936650438,169396.3
1401,2862,176261.296806135,179987.08
1402,2863,163628.14224842598,168183.08
1403,2864,180618.03262890398,194617.11
1404,2865,161647.329794081,170062.86
1405,2866,167129.59886777302,173384.8
1406,2867,174750.98835268698,161195.06
1407,2868,177560.202116333,164352.14
1408,2869,192577.796112839,162472.31
1409,2870,199202.898960871,167279.05
1410,2871,182818.156667308,160709.9
1411,2872,148217.262540651,153419.58
1412,2873,188997.797082492,165011.62
1413,2874,185807.92887760102,170124.12
1414,2875,177030.477842021,165134.81
1415,2876,175942.47459363198,178129.06
1416,2877,172912.518576433,171858.44
1417,2878,198359.248864591,176713.84
1418,2879,184379.13303638302,170674.81
1419,2880,194255.56694888603,161771.78
1420,2881,209449.65160306398,173122.55
1421,2882,169979.323958443,177252.1
1422,2883,188206.281858748,180507.45
1423,2884,186412.438609167,182402.08
1424,2885,196761.38640995897,179542.97
1425,2886,208353.269558209,186436.36
1426,2887,166548.06724104402,162336.23
1427,2888,175942.47459363198,169663.94
1428,2889,166790.457916434,154247.64
1429,2890,160515.850579067,158776.97
1430,2891,192167.62109636198,169240.5
1431,2892,178751.55108336898,155460.27
1432,2893,198678.89411702397,163686.5
1433,2894,164553.120272354,155565.86
1434,2895,156887.932862327,207891.7
1435,2896,164185.777305524,202845.17
1436,2897,212992.12063087602,188497.39
1437,2898,197468.550532521,173658.08
1438,2899,180106.84373966,190263.23
1439,2900,183972.07105667397,176480.27
1440,2901,245283.198337927,187252.72
1441,2902,170351.963410756,180490.31
1442,2903,195596.307707478,217409.61
1443,2904,189369.756330412,218881.17
1444,2905,223667.404551664,164634.14
1445,2906,169335.310624364,185195.84
1446,2907,167411.02835165,165741.34
1447,2908,187709.555003968,169442.53
1448,2909,196526.00299899103,176432.05
1449,2910,137402.569855589,159992.95
1450,2911,165086.775061735,158568.3
1451,2912,188506.431412274,174500.97
1452,2913,172917.45681601198,159872.14
1453,2914,166274.325225982,157427.95
1454,2915,167081.220948984,158656.77
1455,2916,164788.778231138,159241.97
1456,2917,219222.423400059,176111.44
1457,2918,184924.279658997,167686.03
1458,2919,187741.866657478,191879.05
